{"type":"FeatureCollection","features":[{"type":"Feature","properties":{"amenity":"bank","brand":"Scotiabank","brand:wikidata":"Q451476","brand:wikipedia":"en:Scotiabank","name":"Scotiabank"},"geometry":{"type":"Point","coordinates":[-99.136194,19.4331215]}},{"type":"Feature","properties":{"amenity":"bank","atm":"yes","brand":"BBVA","brand:wikidata":"Q806189","brand:wikipedia":"en:Banco Bilbao Vizcaya Argentaria","name":"BBVA","official_name":"Banco Bilbao Vizcaya Argentaria"},"geometry":{"type":"Point","coordinates":[-99.1352333,19.4339947]}},{"type":"Feature","properties":{"amenity":"bank","atm":"yes","brand":"BBVA","brand:wikidata":"Q806189","brand:wikipedia":"en:Banco Bilbao Vizcaya Argentaria","name":"BBVA","official_name":"Banco Bilbao Vizcaya Argentaria"},"geometry":{"type":"Point","coordinates":[-99.1382988,19.4318059]}},{"type":"Feature","properties":{"amenity":"bank","brand":"HSBC","brand:wikidata":"Q190464","brand:wikipedia":"en:HSBC","name":"HSBC"},"geometry":{"type":"Point","coordinates":[-99.1384387,19.4346078]}}]}