{"type":"FeatureCollection","features":[{"type":"Feature","properties":{"amenity":"restaurant","cuisine":"mexican","name":"La Casa del Pavo"},"geometry":{"type":"Point","coordinates":[-99.137356,19.4326846]}},{"type":"Feature","properties":{"amenity":"bank","brand":"Scotiabank","brand:wikidata":"Q451476","brand:wikipedia":"en:Scotiabank","name":"Scotiabank"},"geometry":{"type":"Point","coordinates":[-99.136194,19.4331215]}},{"type":"Feature","properties":{"amenity":"fast_food","brand":"Burger King","brand:wikidata":"Q177054","brand:wikipedia":"en:Burger King","cuisine":"burger","name":"Burger King","takeaway":"yes","website":"https:\/\/www.burgerking.com.mx"},"geometry":{"type":"Point","coordinates":[-99.1384532,19.4336182]}},{"type":"Feature","properties":{"amenity":"bank","atm":"yes","brand":"BBVA","brand:wikidata":"Q806189","brand:wikipedia":"en:Banco Bilbao Vizcaya Argentaria","name":"BBVA","official_name":"Banco Bilbao Vizcaya Argentaria"},"geometry":{"type":"Point","coordinates":[-99.1352333,19.4339947]}},{"type":"Feature","properties":{"addr:city":"Ciudad de M\u00e9xico","addr:housenumber":"52","addr:street":"5 de Mayo","amenity":"restaurant","name":"El Popular","opening_hours":"24\/7","source":"Survey","wifi":"no"},"geometry":{"type":"Point","coordinates":[-99.1352742,19.4342234]}},{"type":"Feature","properties":{"amenity":"bicycle_rental","brand":"Ecobici","brand:wikidata":"Q5817067","capacity":"15","name":"Ecobici #88 5 DE Mayo - Palma","network":"Ecobici","operator":"Gobierno de la Ciudad de M\u00e9xico","ref":"88"},"geometry":{"type":"Point","coordinates":[-99.1351983,19.4337909]}},{"type":"Feature","properties":{"addr:city":"Ciudad de M\u00e9xico","addr:housenumber":"10","addr:street":"Isabel la Catolica","amenity":"restaurant","cuisine":"taco","fixme":"This is the correct block and side of the street, but the location is approximate.","name":"El Cuatro20","source":"survey, website to confirm spelling of name"},"geometry":{"type":"Point","coordinates":[-99.1359636,19.4347509]}},{"type":"Feature","properties":{"highway":"traffic_signals","traffic_signals":"signal"},"geometry":{"type":"Point","coordinates":[-99.136153,19.4342193]}},{"type":"Feature","properties":{"highway":"traffic_signals","traffic_signals":"signal"},"geometry":{"type":"Point","coordinates":[-99.1381891,19.4344845]}},{"type":"Feature","properties":{"amenity":"restaurant","brand":"Pizza Hut","brand:wikidata":"Q191615","brand:wikipedia":"en:Pizza Hut","cuisine":"pizza","name":"Pizza Hut"},"geometry":{"type":"Point","coordinates":[-99.1353394,19.4338158]}},{"type":"Feature","properties":{"amenity":"cafe","brand":"Starbucks","brand:wikidata":"Q37158","brand:wikipedia":"en:Starbucks","cuisine":"coffee_shop","name":"Starbucks","official_name":"Starbucks Coffee","takeaway":"yes"},"geometry":{"type":"Point","coordinates":[-99.136783,19.4336348]}},{"type":"Feature","properties":{"amenity":"cafe","brand":"Starbucks","brand:wikidata":"Q37158","brand:wikipedia":"en:Starbucks","cuisine":"coffee_shop","name":"Starbucks","official_name":"Starbucks Coffee","takeaway":"yes"},"geometry":{"type":"Point","coordinates":[-99.138514,19.4336642]}},{"type":"Feature","properties":{"amenity":"fast_food","name":"Pirates Burgers"},"geometry":{"type":"Point","coordinates":[-99.1367703,19.4321474]}},{"type":"Feature","properties":{"amenity":"fast_food","name":"Pirates Burgers"},"geometry":{"type":"Point","coordinates":[-99.1382103,19.4323557]}},{"type":"Feature","properties":{"amenity":"fast_food","name":"Don Maderito"},"geometry":{"type":"Point","coordinates":[-99.138247,19.4336143]}},{"type":"Feature","properties":{"amenity":"atm"},"geometry":{"type":"Point","coordinates":[-99.1360529,19.4320755]}},{"type":"Feature","properties":{"amenity":"atm","brand":"Banorte","brand:wikidata":"Q806914","name":"Banorte","operator":"Banorte","operator:wikidata":"Q806914"},"geometry":{"type":"Point","coordinates":[-99.1369564,19.4321749]}},{"type":"Feature","properties":{"amenity":"restaurant","name":"Sal\u00f3n Corona"},"geometry":{"type":"Point","coordinates":[-99.1374687,19.4322458]}},{"type":"Feature","properties":{"amenity":"restaurant","diet:vegetarian":"only","name":"Restaurante Vegetariano","opening_hours":"Mo-Su 12:00-18:00"},"geometry":{"type":"Point","coordinates":[-99.137451,19.4330489]}},{"type":"Feature","properties":{"amenity":"restaurant","name":"Pasag\u00fcero"},"geometry":{"type":"Point","coordinates":[-99.1374764,19.4329158]}},{"type":"Feature","properties":{"amenity":"restaurant","name":"La Isla del drag\u00f3n"},"geometry":{"type":"Point","coordinates":[-99.1372938,19.4329286]}},{"type":"Feature","properties":{"amenity":"restaurant","name":"Los Chilangos"},"geometry":{"type":"Point","coordinates":[-99.1372869,19.4339712]}},{"type":"Feature","properties":{"amenity":"restaurant","cuisine":"argentinian","name":"Cantina Buenos Aires"},"geometry":{"type":"Point","coordinates":[-99.1372698,19.4341849]}},{"type":"Feature","properties":{"amenity":"restaurant","name":"La Petite Cr\u00e9pe"},"geometry":{"type":"Point","coordinates":[-99.136122,19.434878]}},{"type":"Feature","properties":{"amenity":"restaurant","cuisine":"mexican","name":"El 9 de Isabel"},"geometry":{"type":"Point","coordinates":[-99.1362427,19.4348377]}},{"type":"Feature","properties":{"amenity":"fast_food","brand":"Subway","brand:wikidata":"Q244457","brand:wikipedia":"en:Subway (restaurant)","cuisine":"sandwich","name":"Subway","takeaway":"yes"},"geometry":{"type":"Point","coordinates":[-99.1350318,19.4320631]}},{"type":"Feature","properties":{"addr:city":"Ciudad de M\u00e9xico","addr:housenumber":"32","addr:postcode":"06000","addr:street":"Palma","amenity":"restaurant","cuisine":"mexican","name":"El Rey del Pavo","opening_hours":"Mo-Sa 11:00-18:45","phone":"55182810","website":"https:\/\/elreydelpavo.com.mx\/"},"geometry":{"type":"Point","coordinates":[-99.1352045,19.4325815]}},{"type":"Feature","properties":{"addr:housenumber":"71","addr:street":"Francisco I. Madero","amenity":"cafe","cuisine":"ice_cream","name":"Helados Santa Clara","operator":"Santa Clara","phone":"5521 2581"},"geometry":{"type":"Point","coordinates":[-99.1374793,19.4335422]}},{"type":"Feature","properties":{"addr:city":"Ciudad de M\u00e9xico","addr:housenumber":"60","addr:street":"16 de Septiembre","amenity":"cafe","cuisine":"ice_cream","name":"Helados Santa Clara","operator":"Santa Clara"},"geometry":{"type":"Point","coordinates":[-99.1370059,19.4321776]}},{"type":"Feature","properties":{"amenity":"restaurant","brand":"Vips","brand:wikidata":"Q48783378","brand:wikipedia":"es:Vips","cuisine":"mexican","name":"Vips"},"geometry":{"type":"Point","coordinates":[-99.1365647,19.4334147]}},{"type":"Feature","properties":{"amenity":"restaurant","brand":"Vips","brand:wikidata":"Q48783378","brand:wikipedia":"es:Vips","cuisine":"mexican","name":"Vips"},"geometry":{"type":"Point","coordinates":[-99.1358757,19.4334977]}},{"type":"Feature","properties":{"amenity":"restaurant","name":"Azul Historico","name:es":"azul historico"},"geometry":{"type":"Point","coordinates":[-99.136196,19.4328886]}},{"type":"Feature","properties":{"addr:city":"Ciudad de M\u00e9xico","addr:housenumber":"5","addr:postcode":"06000","addr:street":"Calle 5 de Mayo","amenity":"restaurant","cuisine":"mexican","name":"Arandas Taquer\u00eda","name:es":"Taqueria Arandas","payment:debit_cards":"yes"},"geometry":{"type":"Point","coordinates":[-99.1357777,19.4343005]}},{"type":"Feature","properties":{"addr:city":"Ciudad de M\u00e9xico","addr:housenumber":"23","addr:street":"Palma","amenity":"restaurant","cuisine":"mexican","leaf_type":"broadleaved","name":"El Cardenal","natural":"tree","phone":"+52 55 5521 3080","smoking":"no","website":"https:\/\/www.restauranteelcardenal.com\/","wheelchair":"yes"},"geometry":{"type":"Point","coordinates":[-99.1352776,19.4336275]}},{"type":"Feature","properties":{"addr:housenumber":"39","addr:street":"Francisco I. Madero","amenity":"fast_food","brand":"McDonald's","brand:wikidata":"Q38076","brand:wikipedia":"en:McDonald's","cuisine":"burger","internet_access":"wlan","name":"McDonald's","takeaway":"yes"},"geometry":{"type":"Point","coordinates":[-99.1372063,19.433496]}},{"type":"Feature","properties":{"addr:housenumber":"6","addr:street":"Isabel la Catolica","amenity":"fast_food","name":"Taqueria Tlaquepaque","name:es":"Taqueria Tlaquepaque"},"geometry":{"type":"Point","coordinates":[-99.1363094,19.4340941]}},{"type":"Feature","properties":{"amenity":"bicycle_rental","brand":"Ecobici","brand:wikidata":"Q5817067","capacity":"14","name":"Ecobici #55 5 De Mayo - Bolivar","network":"Ecobici","operator":"Gobierno de la Ciudad de M\u00e9xico","ref":"55"},"geometry":{"type":"Point","coordinates":[-99.1380408,19.4343912]}},{"type":"Feature","properties":{"amenity":"fast_food","name":"Tortas El Jefe"},"geometry":{"type":"Point","coordinates":[-99.135135,19.4346036]}},{"type":"Feature","properties":{"amenity":"bar","name":"Nonsolo","opening_hours":"Mo-Su 09:00-22:00"},"geometry":{"type":"Point","coordinates":[-99.137483,19.4327968]}},{"type":"Feature","properties":{"addr:housenumber":"57","addr:street":"Francisco I. Madero","amenity":"bar","name":"Hilaria Gastrobar","phone":"5555121559"},"geometry":{"type":"Point","coordinates":[-99.1356127,19.4332544]}},{"type":"Feature","properties":{"addr:city":"Ciudad de M\u00e9xico","addr:housenumber":"49","addr:postcode":"06000","addr:street":"5 de Mayo","amenity":"bar","name":"Pata Negra"},"geometry":{"type":"Point","coordinates":[-99.1355046,19.4340038]}},{"type":"Feature","properties":{"amenity":"bureau_de_change","name":"Casa de cambio","name:en":"Change","name:es":"CI Banco","name:fr":"Change"},"geometry":{"type":"Point","coordinates":[-99.1381706,19.4336808]}},{"type":"Feature","properties":{"amenity":"bank","atm":"yes","brand":"BBVA","brand:wikidata":"Q806189","brand:wikipedia":"en:Banco Bilbao Vizcaya Argentaria","name":"BBVA","official_name":"Banco Bilbao Vizcaya Argentaria"},"geometry":{"type":"Point","coordinates":[-99.1382988,19.4318059]}},{"type":"Feature","properties":{"amenity":"restaurant","name":"Donde To\u00f1o comida mexicana","note":"Good taste and price"},"geometry":{"type":"Point","coordinates":[-99.1388821,19.4339642]}},{"type":"Feature","properties":{"amenity":"parking"},"geometry":{"type":"Point","coordinates":[-99.1364183,19.4319662]}},{"type":"Feature","properties":{"amenity":"bureau_de_change"},"geometry":{"type":"Point","coordinates":[-99.1366105,19.4319335]}},{"type":"Feature","properties":{"amenity":"restaurant","name":"Terraza Don Batiz"},"geometry":{"type":"Point","coordinates":[-99.1386512,19.4337061]}},{"type":"Feature","properties":{"amenity":"restaurant","name":"Gffjv"},"geometry":{"type":"Point","coordinates":[-99.1388701,19.4336882]}},{"type":"Feature","properties":{"addr:housenumber":"16","addr:street":"Calle Isabel la Cat\u00f3lica","amenity":"fast_food","name":"Taquer\u00eda Tlaquepaque"},"geometry":{"type":"Point","coordinates":[-99.1360091,19.4345388]}},{"type":"Feature","properties":{"amenity":"restaurant","diet:vegetarian":"only","name":"Los Vegetarianos","opening_hours":"Mo-Su 08:00-20:00"},"geometry":{"type":"Point","coordinates":[-99.1356727,19.4335249]}},{"type":"Feature","properties":{"amenity":"bar","name":"Zinco Jazz Club"},"geometry":{"type":"Point","coordinates":[-99.1371396,19.4338751]}},{"type":"Feature","properties":{"amenity":"ice_cream","name":"Nieves 100% artesanales"},"geometry":{"type":"Point","coordinates":[-99.136573,19.434101]}},{"type":"Feature","properties":{"addr:housenumber":"349","addr:postcode":"06000","addr:street":"Calle Palma","alt_name":"Kentucky Fried Chicken","amenity":"fast_food","brand":"KFC","brand:wikidata":"Q524757","cuisine":"chicken","name":"KFC","opening_hours":"Mo-Su 10:00-22:00","takeaway":"yes"},"geometry":{"type":"Point","coordinates":[-99.135374,19.4328134]}},{"type":"Feature","properties":{"amenity":"restaurant","brand":"Vips","brand:wikidata":"Q48783378","brand:wikipedia":"es:Vips","cuisine":"mexican","name":"Vips"},"geometry":{"type":"Point","coordinates":[-99.1377996,19.433758]}},{"type":"Feature","properties":{"amenity":"bank","brand":"HSBC","brand:wikidata":"Q190464","brand:wikipedia":"en:HSBC","name":"HSBC"},"geometry":{"type":"Point","coordinates":[-99.1384387,19.4346078]}},{"type":"Feature","properties":{"amenity":"restaurant","name":"Taquer\u00eda tlaquepaque"},"geometry":{"type":"Point","coordinates":[-99.1378352,19.4344864]}},{"type":"Feature","properties":{"amenity":"restaurant","name":"Caf\u00e9 La blanca"},"geometry":{"type":"Point","coordinates":[-99.136541,19.434264]}}]}